crime,law,punishment,description,crime_hi,law_hi,punishment_hi,description_hi,crime_mr,law_mr,punishment_mr,description_mr
theft,Theft is defined under Section 378 of the Indian Penal Code (IPC).,"Imprisonment for a term which may extend to three years, or with fine, or with both.",Theft occurs when someone dishonestly removes movable property from the possession of another person.,चोरी,चोरी को भारतीय दंड संहिता (आईपीसी) की धारा ३७८ के तहत परिभाषित किया गया है।,"कारावास जिसकी अवधि तीन वर्ष तक हो सकती है, या जुर्माना, या दोनों के साथ।",चोरी तब होती है जब कोई बेईमानी से चल संपत्ति को किसी अन्य व्यक्ति के कब्जे से हटा देता है।,चोरी,भारतीय दंड संहिता (IPC) च्या कलम 378 अंतर्गत चोरीची व्याख्या केली आहे.,"तीन वर्षांपर्यंत वाढू शकणार्‍या मुदतीसाठी तुरुंगवास, किंवा दंडासह किंवा दोन्हीसह.",जेव्हा एखादी व्यक्ती अप्रामाणिकपणे दुसर्‍या व्यक्तीच्या ताब्यातून जंगम मालमत्ता काढून टाकते तेव्हा चोरी होते.
robbery,Robbery is defined under Section 390 of the IPC.,"Imprisonment for a term which may extend to ten years, and shall also be liable to fine.",Robbery involves the act of taking property from a person through force or the threat of force.,डकैती,डकैती को आईपीसी की धारा ३९० के तहत परिभाषित किया गया है।,"एक अवधि के लिए कारावास जो दस साल तक बढ़ सकता है, और जुर्माना के लिए भी उत्तरदायी होगा।",डकैती में किसी व्यक्ति से बलपूर्वक या बल की धमकी के माध्यम से संपत्ति लेने का कार्य शामिल है।,दरोडा,आयपीसी कलम 390 अंतर्गत दरोडा परिभाषित केला आहे.,"दहा वर्षांपर्यंतच्या मुदतीसाठी कारावास, आणि दंडास देखील जबाबदार असेल.",दरोड्यामध्ये एखाद्या व्यक्तीकडून बळजबरीने किंवा बळाच्या धमकीद्वारे मालमत्ता घेण्याची क्रिया समाविष्ट असते.
murder,Murder is defined under Section 302 of the IPC.,Death penalty or life imprisonment.,Murder is the unlawful killing of another person with intent to cause death.,हत्या,हत्या को आईपीसी की धारा ३०२ के तहत परिभाषित किया गया है।,मृत्युदंड या आजीवन कारावास।,हत्या मौत का कारण बनने के इरादे से किसी अन्य व्यक्ति की गैरकानूनी हत्या है।,खून,आयपीसीच्या कलम 302 अंतर्गत हत्येची व्याख्या केली आहे.,फाशीची शिक्षा किंवा जन्मठेपेची शिक्षा.,खून म्हणजे मृत्यू होण्याच्या उद्देशाने दुसर्‍या व्यक्तीची बेकायदेशीर हत्या.
assault,Assault is covered under Section 351 of the IPC.,"Imprisonment for a term which may extend to three months, or with fine, or with both.",Assault is an act that causes another person to fear that they will suffer physical harm.,हमला,मारपीट आईपीसी की धारा ३५१ के तहत आती है।,"कारावास जो तीन महीने तक बढ़ाया जा सकता है, या जुर्माना, या दोनों के साथ।",हमला एक ऐसा कार्य है जिससे दूसरे व्यक्ति को डर लगता है कि उन्हें शारीरिक नुकसान होगा।,हल्ला,आयपीसीच्या कलम 351 अंतर्गत हा हल्ला करण्यात आला आहे.,"तीन महिन्यांपर्यंत वाढू शकणार्‍या मुदतीसाठी तुरुंगवास, किंवा दंडासह किंवा दोन्हीसह.",प्राणघातक हल्ला ही अशी कृती आहे ज्यामुळे दुसर्‍या व्यक्तीला शारीरिक हानी होईल अशी भीती वाटते.
rape,Rape is defined under Section 375 of the IPC.,"Imprisonment for a term not less than seven years, which may extend to life imprisonment.",Rape involves non-consensual sexual intercourse with a woman.,बलात्कार,आईपीसी की धारा ३७५ के तहत बलात्कार को परिभाषित किया गया है।,"कम से कम सात वर्ष की अवधि के लिए कारावास, जिसे आजीवन कारावास तक बढ़ाया जा सकता है।",बलात्कार में एक महिला के साथ गैर-सहमति से संभोग शामिल है।,बलात्कार,आयपीसीच्या कलम 375 अंतर्गत बलात्काराची व्याख्या केली आहे.,"सात वर्षांपेक्षा कमी कालावधीसाठी कारावास, ज्याचा कालावधी जन्मठेपेपर्यंत असू शकतो.",बलात्कारामध्ये स्त्रीशी असहमतीने लैंगिक संबंध ठेवले जातात.
vandalism,Vandalism is addressed under Section 425 of the IPC.,"Imprisonment for a term which may extend to two years, or with fine, or with both.",Vandalism involves the intentional destruction of property.,बर्बरता,आईपीसी की धारा ४२५ के तहत बर्बरता को संबोधित किया जाता है।,"दो वर्ष तक की अवधि के लिए कारावास, या जुर्माना, या दोनों के साथ।",बर्बरता में संपत्ति का जानबूझकर विनाश शामिल है।,तोडफोड,आयपीसीच्या कलम 425 अंतर्गत तोडफोडीला संबोधित केले आहे.,"दोन वर्षांपर्यंत वाढू शकणार्‍या मुदतीसाठी तुरुंगवास, किंवा दंडासह किंवा दोन्हीसह.",तोडफोड करण्यामध्ये मालमत्तेचा हेतुपुरस्सर नाश होतो.
bribery,"Bribery is addressed under the Prevention of Corruption Act, 1988.","Imprisonment for a term which may extend to five years, or with fine, or both.",Bribery involves giving or receiving something of value in exchange for influence.,रिश्वत,"रिश्वत को भ्रष्टाचार निवारण अधिनियम, १९८८ के तहत संबोधित किया जाता है।","पांच साल तक की अवधि के लिए कारावास, या जुर्माना, या दोनों।",रिश्वत में प्रभाव के बदले में कुछ मूल्य देना या प्राप्त करना शामिल है।,लाच,"भ्रष्टाचार प्रतिबंधक कायदा, 1988 अंतर्गत लाचखोरीकडे लक्ष दिले जाते.","पाच वर्षांपर्यंत वाढू शकणार्‍या मुदतीसाठी कारावास, किंवा दंड किंवा दोन्ही.",लाचखोरीमध्ये प्रभावाच्या बदल्यात काहीतरी मूल्य देणे किंवा प्राप्त करणे समाविष्ट असते.
cybercrime,"Cybercrime is covered under the Information Technology Act, 2000.","Imprisonment up to three years, or with fine, or both.","Cybercrime includes various offenses like hacking, data theft, and online harassment.",साइबर अपराध,"साइबर अपराध सूचना प्रौद्योगिकी अधिनियम, २००० के अंतर्गत आता है।","तीन साल तक की कैद, या जुर्माना, या दोनों।","साइबर अपराध में हैकिंग, डेटा चोरी और ऑनलाइन उत्पीड़न जैसे विभिन्न अपराध शामिल हैं।",सायबर गुन्हे,"सायबर क्राइम माहिती तंत्रज्ञान कायदा, 2000 अंतर्गत समाविष्ट आहे.","तीन वर्षांपर्यंत तुरुंगवास, किंवा दंड, किंवा दोन्ही.","सायबर गुन्ह्यांमध्ये हॅकिंग, डेटा चोरी आणि ऑनलाइन छळ यासारख्या विविध गुन्ह्यांचा समावेश होतो."
domestic violence,"Domestic violence is addressed under the Protection of Women from Domestic Violence Act, 2005.",Imprisonment for a term which may extend to one year or with fine.,Domestic violence includes any act of violence or abuse occurring within the domestic sphere.,घरेलू हिंसा,"घरेलू हिंसा को घरेलू हिंसा से महिलाओं के संरक्षण अधिनियम, २००५ के तहत संबोधित किया जाता है।",एक अवधि के लिए कारावास जिसे एक वर्ष तक बढ़ाया जा सकता है या जुर्माने के साथ।,घरेलू हिंसा में घरेलू क्षेत्र में होने वाली हिंसा या दुर्व्यवहार का कोई भी कार्य शामिल है।,घरगुती हिंसाचार,"घरगुती हिंसाचारापासून महिलांचे संरक्षण कायदा, 2005 अंतर्गत घरगुती हिंसाचाराला संबोधित केले जाते.",एका वर्षासाठी मुदत किंवा दंडासह कारावास.,घरगुती हिंसाचारामध्ये घरगुती क्षेत्रात होणारी हिंसा किंवा अत्याचाराची कोणतीही कृती समाविष्ट असते.
homicide,Homicide is covered under Section 299 of the IPC.,Punishment can vary; it can lead to life imprisonment or death penalty.,"Homicide is the act of killing another person, either intentionally or through negligence.",हत्या,आईपीसी की धारा २९९ के तहत हत्या को कवर किया गया है।,सज़ा अलग-अलग हो सकती है; इससे आजीवन कारावास या मृत्युदंड हो सकता है।,हत्या किसी अन्य व्यक्ति की जानबूझकर या लापरवाही से हत्या करने का कार्य है।,खून,आयपीसीच्या कलम 299 अंतर्गत हत्या करण्यात आली आहे.,शिक्षा बदलू शकते; यामुळे जन्मठेपेची किंवा फाशीची शिक्षा होऊ शकते.,हत्या म्हणजे हेतुपुरस्सर किंवा निष्काळजीपणाने दुसऱ्या व्यक्तीला मारण्याची कृती.
child abuse,"Child abuse is addressed under the Protection of Children from Sexual Offences Act, 2012.",Imprisonment for not less than three years but may extend to five years.,Child abuse involves harming a child through various forms of exploitation.,बाल शोषण,"बाल दुर्व्यवहार को यौन अपराधों से बच्चों का संरक्षण अधिनियम, 2012 के तहत संबोधित किया गया है।",कारावास कम से कम तीन वर्ष के लिए लेकिन पांच वर्ष तक बढ़ाया जा सकता है।,बाल शोषण में विभिन्न प्रकार के शोषण के माध्यम से बच्चे को नुकसान पहुंचाना शामिल है।,बाल शोषण,"लैंगिक गुन्ह्यांपासून मुलांचे संरक्षण कायदा, 2012 अंतर्गत बाल शोषणाला संबोधित केले जाते.",तीन वर्षांपेक्षा कमी कालावधीसाठी तुरुंगवास परंतु पाच वर्षांपर्यंत वाढू शकतो.,बाल शोषणामध्ये विविध प्रकारच्या शोषणाद्वारे मुलाला इजा करणे समाविष्ट आहे.
sexual harassment,"Sexual harassment is addressed under the Sexual Harassment of Women at Workplace (Prevention, Prohibition and Redressal) Act, 2013.",Imprisonment for up to three years and/or fines.,Sexual harassment involves unwanted sexual advances or conduct in the workplace.,यौन उत्पीड़न,"कार्यस्थल पर महिलाओं के यौन उत्पीड़न (रोकथाम, निषेध और निवारण) अधिनियम, २०१३ के तहत यौन उत्पीड़न को संबोधित किया जाता है।",तीन साल तक की कैद और/या जुर्माना।,यौन उत्पीड़न में कार्यस्थल पर अवांछित यौन प्रगति या आचरण शामिल है।,लैंगिक छळ,"कामाच्या ठिकाणी महिलांचा लैंगिक छळ (प्रतिबंध, प्रतिबंध आणि निवारण) कायदा, 2013 अंतर्गत लैंगिक छळाला संबोधित केले जाते.",तीन वर्षांपर्यंत तुरुंगवास आणि/किंवा दंड.,लैंगिक छळामध्ये कामाच्या ठिकाणी अवांछित लैंगिक प्रगती किंवा आचरण यांचा समावेश होतो.
fraud,Fraud is covered under Section 420 of the IPC.,"Imprisonment for a term which may extend to seven years, and shall also be liable to fine.",Fraud involves deceiving someone to gain a benefit or property.,धोखाधड़ी,आईपीसी की धारा ४२० के तहत धोखाधड़ी को कवर किया गया है।,"सात वर्ष तक की अवधि के लिए कारावास, और जुर्माने के लिए भी उत्तरदायी होगा।",धोखाधड़ी में लाभ या संपत्ति हासिल करने के लिए किसी को धोखा देना शामिल है।,फसवणूक,आयपीसी कलम 420 अंतर्गत फसवणूक समाविष्ट आहे.,"सात वर्षांपर्यंतच्या मुदतीसाठी कारावास, आणि दंडास देखील जबाबदार असेल.",फसवणुकीमध्ये फायदा किंवा मालमत्ता मिळविण्यासाठी एखाद्याला फसवणे समाविष्ट असते.
extortion,Extortion is defined under Section 383 of the IPC.,"Imprisonment for a term which may extend to three years, or with fine, or both.",Extortion involves obtaining money or property through coercion.,जबरन वसूली,आईपीसी की धारा ३८३ के तहत जबरन वसूली को परिभाषित किया गया है।,"एक अवधि के लिए कारावास जिसे तीन साल तक बढ़ाया जा सकता है, या जुर्माना, या दोनों के साथ।",जबरन वसूली में जबरदस्ती के माध्यम से धन या संपत्ति प्राप्त करना शामिल है।,खंडणी,आयपीसी कलम 383 अंतर्गत खंडणीची व्याख्या केली आहे.,"तीन वर्षांपर्यंत वाढू शकणार्‍या मुदतीसाठी तुरुंगवास, किंवा दंड किंवा दोन्ही.",खंडणीमध्ये जबरदस्तीने पैसे किंवा मालमत्ता मिळवणे समाविष्ट असते.
kidnapping,Kidnapping is defined under Section 359 of the IPC.,"Imprisonment for a term which may extend to seven years, and shall also be liable to fine.",Kidnapping involves unlawfully taking away a person by force or coercion.,अपहरण,अपहरण को आईपीसी की धारा ३५९ के तहत परिभाषित किया गया है।,"सात वर्ष तक की अवधि के लिए कारावास, और जुर्माने के लिए भी उत्तरदायी होगा।",अपहरण में किसी व्यक्ति को बलपूर्वक या जबरदस्ती गैरकानूनी तरीके से ले जाना शामिल है।,अपहरण,आयपीसी कलम 359 अंतर्गत अपहरणाची व्याख्या केली आहे.,"सात वर्षांपर्यंतच्या मुदतीसाठी कारावास, आणि दंडास देखील जबाबदार असेल.",अपहरणामध्ये एखाद्या व्यक्तीला बळजबरीने किंवा बळजबरीने बेकायदेशीरपणे नेणे समाविष्ट असते.
homicidal threats,Threatening homicide is covered under Section 503 of the IPC.,"Imprisonment for a term which may extend to two years, or with fine, or both.",Threatening to kill someone is a criminal offense.,मानवघाती धमकियों,आईपीसी की धारा ५०३ के तहत जान से मारने की धमकी देना शामिल है।,"दो वर्ष तक की अवधि के लिए कारावास, या जुर्माना, या दोनों।",किसी को जान से मारने की धमकी देना आपराधिक अपराध है।,हत्याकांड धमक्या,धमकी देणारी हत्या आयपीसीच्या कलम 503 अंतर्गत समाविष्ट आहे.,"दोन वर्षांपर्यंत वाढू शकणार्‍या मुदतीसाठी तुरुंगवास, किंवा दंड किंवा दोन्ही.",एखाद्याला जिवे मारण्याची धमकी देणे हा फौजदारी गुन्हा आहे.
public nuisance,Public nuisance is addressed under Section 268 of the IPC.,"Imprisonment for a term which may extend to six months, or with fine, or both.",Creating a public nuisance can involve anything that affects the general public's peace or safety.,सार्वजनिक उपद्रव,आईपीसी की धारा २६८ के तहत सार्वजनिक उपद्रव को संबोधित किया जाता है।,"छह महीने तक की अवधि के लिए कारावास, या जुर्माना, या दोनों।",सार्वजनिक उपद्रव पैदा करने में कुछ भी शामिल हो सकता है जो आम जनता की शांति या सुरक्षा को प्रभावित करता है।,सार्वजनिक उपद्रव,आयपीसीच्या कलम 268 अंतर्गत सार्वजनिक उपद्रव दूर केला जातो.,"सहा महिन्यांपर्यंत वाढू शकणार्‍या मुदतीसाठी तुरुंगवास, किंवा दंड किंवा दोन्ही.",सार्वजनिक उपद्रव निर्माण करण्यामध्ये सामान्य लोकांच्या शांतता किंवा सुरक्षिततेवर परिणाम करणारी कोणतीही गोष्ट समाविष्ट असू शकते.
counterfeiting,Counterfeiting is covered under Section 489A of the IPC.,"Imprisonment for life, or imprisonment for a term which may extend to ten years, and shall also be liable to fine.",Counterfeiting involves creating fake currency or documents with the intent to deceive.,कूटकरण,आईपीसी की धारा ४८९ ए के तहत जालसाजी को कवर किया गया है।,"आजीवन कारावास, या दस साल तक की अवधि के लिए कारावास, और जुर्माने के लिए भी उत्तरदायी होगा।",जालसाजी में धोखा देने के इरादे से नकली मुद्रा या दस्तावेज़ बनाना शामिल है।,बनावटीसह,आयपीसीच्या कलम 489 ए अंतर्गत बनावटगिरीचा समावेश आहे.,"जन्मठेपेची शिक्षा, किंवा दहा वर्षांपर्यंतची मुदत कारावास, आणि दंडास देखील जबाबदार असेल.",बनावटीमध्ये फसवणूक करण्याच्या उद्देशाने बनावट चलन किंवा कागदपत्रे तयार करणे समाविष्ट आहे.
terrorism,"Terrorism is addressed under the Unlawful Activities (Prevention) Act, 1967.",Imprisonment for life or death penalty.,"Terrorism involves using violence and intimidation, especially against civilians, for political aims.",आतंकवाद,"आतंकवाद को गैरकानूनी गतिविधि (रोकथाम) अधिनियम, १९६७ के तहत संबोधित किया जाता है।",आजीवन कारावास या मृत्युदंड।,"आतंकवाद में राजनीतिक उद्देश्यों के लिए, विशेषकर नागरिकों के विरुद्ध, हिंसा और धमकी का उपयोग करना शामिल है।",दहशतवाद,"बेकायदेशीर क्रियाकलाप (प्रतिबंध) कायदा, 1967 अंतर्गत दहशतवादाकडे लक्ष दिले जाते.",जन्मठेपेची शिक्षा किंवा फाशीची शिक्षा.,"दहशतवादामध्ये राजकीय उद्दिष्टांसाठी हिंसा आणि धमकावणे, विशेषत: नागरिकांविरुद्ध वापरणे समाविष्ट आहे."
environmental crimes,"Environmental crimes are addressed under various acts such as the Environment Protection Act, 1986.",Punishments vary significantly based on the severity of the offense.,"Environmental crimes include illegal dumping of waste, pollution, and other actions that harm the environment.",पर्यावरण अपराध,"पर्यावरण अपराधों को पर्यावरण संरक्षण अधिनियम, १९८६ जैसे विभिन्न अधिनियमों के तहत संबोधित किया जाता है।",अपराध की गंभीरता के आधार पर सज़ाएँ काफी भिन्न होती हैं।,"पर्यावरणीय अपराधों में कचरे का अवैध डंपिंग, प्रदूषण और पर्यावरण को नुकसान पहुंचाने वाली अन्य कार्रवाइयां शामिल हैं।",पर्यावरणीय गुन्हे,"पर्यावरण संरक्षण कायदा, 1986 सारख्या विविध कायद्यांतर्गत पर्यावरणीय गुन्ह्यांना संबोधित केले जाते.",गुन्ह्याच्या तीव्रतेच्या आधारावर शिक्षा लक्षणीयरीत्या बदलतात.,"पर्यावरणीय गुन्ह्यांमध्ये कचऱ्याचे बेकायदेशीर डंपिंग, प्रदूषण आणि पर्यावरणाला हानी पोहोचवणाऱ्या इतर कृतींचा समावेश होतो."
public intoxication,Public intoxication can be addressed under various state laws.,"Imprisonment for a term which may extend to six months, or with fine.",Being publicly intoxicated can lead to arrest and charges under local laws.,सार्वजनिक नशा,विभिन्न राज्य कानूनों के तहत सार्वजनिक नशा को संबोधित किया जा सकता है।,"छह महीने तक की अवधि के लिए कारावास, या जुर्माने के साथ।",सार्वजनिक रूप से नशे में होने के कारण स्थानीय कानूनों के तहत गिरफ्तारी और आरोप लग सकते हैं।,सार्वजनिक नशा,विविध राज्य कायद्यांतर्गत सार्वजनिक नशा दूर केली जाऊ शकते.,सहा महिन्यांपर्यंत मुदत किंवा दंडासह कारावास.,सार्वजनिकरित्या नशेत राहिल्याने स्थानिक कायद्यांतर्गत अटक आणि आरोप होऊ शकतात.
cheating,Cheating is covered under Section 415 of the IPC.,"Imprisonment for a term which may extend to one year, or with fine, or both.",Cheating involves deceiving someone to gain an unfair advantage.,धोखा,धोखाधड़ी आईपीसी की धारा ४१५ के तहत आती है।,"एक अवधि के लिए कारावास जो एक वर्ष तक बढ़ाया जा सकता है, या जुर्माना, या दोनों के साथ।",धोखा देने में अनुचित लाभ प्राप्त करने के लिए किसी को धोखा देना शामिल है।,फसवणूक,आयपीसी कलम 415 अंतर्गत फसवणूक समाविष्ट आहे.,"एक वर्षापर्यंत वाढू शकणार्‍या मुदतीसाठी कारावास, किंवा दंड, किंवा दोन्ही.",फसवणुकीमध्ये अयोग्य फायदा मिळवण्यासाठी एखाद्याला फसवणे समाविष्ट असते.
insult to religion,Insulting religious beliefs is covered under Section 295 of the IPC.,"Imprisonment for a term which may extend to three years, or with fine.",Insulting a religion can lead to charges under this section.,धर्म का अपमान,धार्मिक मान्यताओं का अपमान करना आईपीसी की धारा २९५ के अंतर्गत आता है।,"तीन साल तक की अवधि के लिए कारावास, या जुर्माने के साथ।",किसी धर्म का अपमान करने पर इस धारा के तहत आरोप लग सकते हैं।,धर्माचा अपमान,धार्मिक श्रद्धांचा अपमान करणे आयपीसीच्या कलम 295 अंतर्गत समाविष्ट आहे.,तीन वर्षांपर्यंत मुदत किंवा दंडासह कारावास.,धर्माचा अपमान केल्यास या कलमांतर्गत शुल्क आकारले जाऊ शकते.
defamation,Defamation is covered under Section 499 of the IPC.,"Imprisonment for a term which may extend to two years, or with fine.",Defamation involves harming a person's reputation through false statements.,मानहानि,मानहानि आईपीसी की धारा ४९९ के तहत आती है।,"दो वर्ष तक की अवधि के लिए कारावास, या जुर्माने के साथ।",मानहानि में झूठे बयानों के माध्यम से किसी व्यक्ति की प्रतिष्ठा को नुकसान पहुंचाना शामिल है।,बदनामी,आयपीसी कलम 499 अंतर्गत मानहानीचा समावेश आहे.,दोन वर्षांपर्यंत मुदत किंवा दंडासह कारावास.,बदनामीमध्ये खोट्या विधानांद्वारे व्यक्तीच्या प्रतिष्ठेला हानी पोहोचवणे समाविष्ट आहे.
hacking,"Hacking is addressed under the Information Technology Act, 2000.","Imprisonment for a term which may extend to three years, or with fine, or both.",Hacking refers to unauthorized access to computer systems or networks.,हैकिंग,"हैकिंग को सूचना प्रौद्योगिकी अधिनियम, २००० के तहत संबोधित किया गया है।","एक अवधि के लिए कारावास जिसे तीन साल तक बढ़ाया जा सकता है, या जुर्माना, या दोनों के साथ।",हैकिंग से तात्पर्य कंप्यूटर सिस्टम या नेटवर्क तक अनधिकृत पहुंच से है।,हॅकिंग,"माहिती तंत्रज्ञान कायदा, 2000 अंतर्गत हॅकिंगला संबोधित केले आहे.","तीन वर्षांपर्यंत वाढू शकणार्‍या मुदतीसाठी तुरुंगवास, किंवा दंड किंवा दोन्ही.",हॅकिंग म्हणजे संगणक प्रणाली किंवा नेटवर्कमध्ये अनधिकृत प्रवेश.
dowry death,Dowry death is addressed under Section 304B of the IPC.,Death penalty or imprisonment for not less than seven years.,Dowry death occurs when a woman dies due to harassment related to dowry.,दहेज हत्या,दहेज हत्या को आईपीसी की धारा ३०४ बी के तहत संबोधित किया जाता है।,मृत्युदंड या कम से कम सात वर्ष का कारावास।,दहेज मृत्यु तब होती है जब दहेज से संबंधित उत्पीड़न के कारण एक महिला की मृत्यु हो जाती है।,हुंडा मृत्यू,आयपीसीच्या कलम 304 बी अंतर्गत हुंडा मृत्यूला संबोधित केले जाते.,सात वर्षांपेक्षा कमी कालावधीसाठी फाशीची शिक्षा किंवा तुरुंगवास.,हुंड्याशी संबंधित छळामुळे महिलेचा मृत्यू होतो तेव्हा हुंडा मृत्यू होतो.
honor killing,Honor killing falls under Section 300 of the IPC.,Death penalty or life imprisonment.,"Honor killing refers to the murder of a person, typically a woman, for violating the social norms of their family.",ऑनर किलिंग,ऑनर किलिंग आईपीसी की धारा ३०० के तहत आती है।,मृत्युदंड या आजीवन कारावास।,"ऑनर किलिंग का तात्पर्य किसी व्यक्ति, आमतौर पर एक महिला, की उनके परिवार के सामाजिक मानदंडों का उल्लंघन करने के लिए हत्या से है।",ऑनर किलिंग,ऑनर किलिंग आयपीसीच्या कलम 300 अंतर्गत येते.,फाशीची शिक्षा किंवा जन्मठेपेची शिक्षा.,"ऑनर किलिंग म्हणजे एखाद्या व्यक्तीची, विशेषत: स्त्रीची, त्यांच्या कुटुंबाच्या सामाजिक नियमांचे उल्लंघन केल्याबद्दल केलेली हत्या."
smuggling,"Smuggling is addressed under various laws including the Customs Act, 1962.","Imprisonment may extend to seven years, and a fine.",Smuggling involves illegally transporting goods across borders.,तस्करी,"सीमा शुल्क अधिनियम, १९६२ सहित विभिन्न कानूनों के तहत तस्करी को संबोधित किया जाता है।",कारावास सात साल तक बढ़ सकता है और जुर्माना भी हो सकता है।,तस्करी में अवैध रूप से सीमाओं के पार माल का परिवहन शामिल है।,तस्करी,"सीमाशुल्क कायदा, 1962 यासह विविध कायद्यांतर्गत तस्करीकडे लक्ष दिले जाते.",तुरुंगवास सात वर्षांपर्यंत वाढू शकतो आणि दंड होऊ शकतो.,तस्करीमध्ये बेकायदेशीरपणे सीमा ओलांडून मालाची वाहतूक करणे समाविष्ट आहे.
human trafficking,"Immoral Traffic (Prevention) Act, 1956",Imprisonment for a term which may extend to seven years.,"Recruitment, transportation, transfer, harboring, or receipt of persons for exploitation.",मानव तस्करी,"अनैतिक व्यापार (रोकथाम) अधिनियम, 1956",एक अवधि के लिए कारावास जो सात साल तक बढ़ सकता है।,"शोषण के लिए व्यक्तियों की भर्ती, परिवहन, स्थानांतरण, आश्रय या प्राप्ति।",मानवी तस्करी,"अनैतिक वाहतूक (प्रतिबंध) कायदा, 1956",सात वर्षांपर्यंत वाढू शकणार्‍या मुदतीसाठी तुरुंगवास.,"भरती, वाहतूक, हस्तांतरण, आश्रय देणे किंवा शोषणासाठी व्यक्तींची पावती."
stalking,IPC Section 354D,Imprisonment for a term which may extend to three years.,Following or contacting someone repeatedly with the intent to foster personal interaction.,पीछा,आईपीसी धारा ३५४ डी,एक अवधि के लिए कारावास जो तीन साल तक बढ़ सकता है।,व्यक्तिगत संपर्क को बढ़ावा देने के इरादे से बार-बार किसी का अनुसरण करना या उससे संपर्क करना।,पाठलाग करणे,आयपीसी कलम 354 डी,तीन वर्षांपर्यंत वाढू शकणार्‍या मुदतीसाठी तुरुंगवास.,वैयक्तिक संवाद वाढवण्याच्या उद्देशाने एखाद्याचे वारंवार अनुसरण करणे किंवा संपर्क करणे.
criminal intimidation,IPC Section 506,Imprisonment for a term which may extend to two years.,"Threatening another person with injury to their person, reputation, or property.",आपराधिक अभित्रास,आईपीसी धारा ५०६,एक अवधि के लिए कारावास जो दो साल तक बढ़ सकता है।,"किसी अन्य व्यक्ति को उसके व्यक्ति, प्रतिष्ठा या संपत्ति पर चोट पहुंचाने की धमकी देना।",गुन्हेगारी धमकी,आयपीसी कलम 506,दोन वर्षांपर्यंत वाढू शकणार्‍या मुदतीसाठी तुरुंगवास.,"दुसर्‍या व्यक्तीला त्यांच्या व्यक्तीला, प्रतिष्ठेला किंवा मालमत्तेला इजा होण्याची धमकी देणे."
dacoity,IPC Section 391,Imprisonment for life or a term which may extend to ten years.,Robbery committed by five or more persons.,डकैती,आईपीसी धारा ३९१,आजीवन कारावास या ऐसी अवधि जो दस वर्ष तक की हो सकती है।,पांच या अधिक व्यक्तियों द्वारा की गई डकैती।,दरोडा,आयपीसी कलम 391,जन्मठेपेची शिक्षा किंवा दहा वर्षांपर्यंतची मुदत.,पाच किंवा त्याहून अधिक व्यक्तींनी केलेली दरोडा.
cheating by personation,IPC Section 419,Imprisonment for a term which may extend to three years.,Cheating by pretending to be another person.,व्यक्तित्व द्वारा धोखा,आईपीसी धारा ४१९,एक अवधि के लिए कारावास जो तीन साल तक बढ़ सकता है।,दूसरा व्यक्ति बनकर ठगी।,व्यक्तिमत्त्वाद्वारे फसवणूक,आयपीसी कलम 419,तीन वर्षांपर्यंत वाढू शकणार्‍या मुदतीसाठी तुरुंगवास.,दुसरी व्यक्ती असल्याचे भासवून फसवणूक.
misappropriation of property,IPC Section 403,Imprisonment for a term which may extend to two years.,Dishonestly appropriating property belonging to another person.,संपत्ति का दुरुपयोग,आईपीसी धारा ४०३,एक अवधि के लिए कारावास जो दो साल तक बढ़ सकता है।,किसी अन्य व्यक्ति से संबंधित संपत्ति को बेईमानी से विनियोजित करना।,मालमत्तेचा गैरवापर,आयपीसी कलम 403,दोन वर्षांपर्यंत वाढू शकणार्‍या मुदतीसाठी तुरुंगवास.,अप्रामाणिकपणे दुसर्या व्यक्तीची मालमत्ता विनियोग करणे.
criminal breach of trust,IPC Section 405,Imprisonment for a term which may extend to three years.,Dishonestly misappropriating property entrusted to a person.,आपराधिक विश्वासघात,आईपीसी धारा ४०५,एक अवधि के लिए कारावास जो तीन साल तक बढ़ सकता है।,किसी व्यक्ति को सौंपी गई संपत्ति का बेईमानी से दुरुपयोग करना।,विश्वासाचा गुन्हेगारी उल्लंघन,आयपीसी कलम 405,तीन वर्षांपर्यंत वाढू शकणार्‍या मुदतीसाठी तुरुंगवास.,एखाद्या व्यक्तीकडे सोपविलेल्या मालमत्तेचा अप्रामाणिकपणे गैरवापर करणे.
data breach,"Information Technology Act, 2000",Imprisonment for a term which may extend to three years.,Unauthorized access and retrieval of data from a computer.,डेटा उल्लंघन,"सूचना प्रौद्योगिकी अधिनियम, 2000",एक अवधि के लिए कारावास जो तीन साल तक बढ़ सकता है।,कंप्यूटर से डेटा की अनधिकृत पहुंच और पुनर्प्राप्ति।,डेटा भंग,"माहिती तंत्रज्ञान कायदा, 2000",तीन वर्षांपर्यंत वाढू शकणार्‍या मुदतीसाठी तुरुंगवास.,संगणकावरून अनधिकृत प्रवेश आणि डेटा पुनर्प्राप्त करणे.
cyber terrorism,"Information Technology Act, 2000",Imprisonment for a term which may extend to life.,Using computer resources to cause damage or harm to a person or property.,साइबर आतंकवाद,"सूचना प्रौद्योगिकी अधिनियम, 2000",एक अवधि के लिए कारावास जो जीवन तक बढ़ सकता है।,किसी व्यक्ति या संपत्ति को नुकसान या नुकसान पहुंचाने के लिए कंप्यूटर संसाधनों का उपयोग करना।,सायबर दहशतवाद,"माहिती तंत्रज्ञान कायदा, 2000",आयुष्यभर वाढू शकणार्‍या मुदतीसाठी तुरुंगवास.,एखाद्या व्यक्तीचे किंवा मालमत्तेचे नुकसान किंवा हानी करण्यासाठी संगणक संसाधने वापरणे.
sending offensive messages,"Information Technology Act, 2000",Imprisonment for a term which may extend to three years.,Sending messages that are offensive in nature using communication services.,आपत्तिजनक संदेश भेजना,"सूचना प्रौद्योगिकी अधिनियम, 2000",एक अवधि के लिए कारावास जो तीन साल तक बढ़ सकता है।,संचार सेवाओं का उपयोग करके ऐसे संदेश भेजना जो आक्रामक प्रकृति के हों।,आक्षेपार्ह संदेश पाठवित आहे,"माहिती तंत्रज्ञान कायदा, 2000",तीन वर्षांपर्यंत वाढू शकणार्‍या मुदतीसाठी तुरुंगवास.,संप्रेषण सेवा वापरून आक्षेपार्ह स्वरूपाचे संदेश पाठवणे.
sedition,IPC Section 124A,Imprisonment for life or for a term which may extend to three years.,Acts that incite disaffection against the government.,राजद्रोह,आईपीसी धारा १२४ ए,आजीवन कारावास या ऐसी अवधि के लिए जो तीन वर्ष तक की हो सकती है।,सरकार के खिलाफ असंतोष भड़काने वाले कार्य।,देशद्रोह,आयपीसी कलम 124 ए,जन्मठेपेची शिक्षा किंवा तीन वर्षांपर्यंतची मुदत.,सरकारविरुद्ध असंतोष निर्माण करणारे कायदे.
espionage,"Official Secrets Act, 1923",Imprisonment for a term which may extend to fourteen years.,Spying or gathering secret information from the government.,जासूसी,"आधिकारिक गोपनीयता अधिनियम, 1923",एक अवधि के लिए कारावास जिसे चौदह वर्ष तक बढ़ाया जा सकता है।,सरकार से गुप्त जानकारी की जासूसी करना या इकट्ठा करना।,हेरगिरी,"अधिकृत रहस्य कायदा, 1923",चौदा वर्षांपर्यंत वाढू शकणार्‍या मुदतीसाठी तुरुंगवास.,हेरगिरी करणे किंवा सरकारकडून गुप्त माहिती गोळा करणे.
creating disorder,IPC Section 151,Imprisonment for a term which may extend to six months.,Acts that are likely to disturb public peace.,विकार पैदा करना,आईपीसी धारा 151,एक अवधि के लिए कारावास जो छह महीने तक बढ़ सकता है।,ऐसे कार्य जिनसे सार्वजनिक शांति भंग होने की संभावना हो।,विकार निर्माण,आयपीसी कलम 151,सहा महिन्यांपर्यंत वाढू शकणार्‍या मुदतीसाठी तुरुंगवास.,सार्वजनिक शांतता बिघडवण्याची शक्यता असलेली कृत्ये.
protesting without permission,Various State Laws,Varies based on the offense.,Holding public protests without official permission.,बिना अनुमति के विरोध प्रदर्शन,विभिन्न राज्य कानून,अपराध के आधार पर भिन्न होता है।,आधिकारिक अनुमति के बिना सार्वजनिक विरोध प्रदर्शन करना।,परवानगीशिवाय आंदोलन,विविध राज्य कायदे,गुन्ह्यावर आधारित बदलते.,अधिकृत परवानगीशिवाय सार्वजनिक निषेध आयोजित करणे.
unlawful assembly,IPC Section 141,Imprisonment for a term which may extend to six months.,An assembly of five or more persons with the intention to commit a crime.,गैरकानूनी विधानसभा,आईपीसी धारा 141,एक अवधि के लिए कारावास जो छह महीने तक बढ़ सकता है।,अपराध करने के इरादे से पांच या अधिक व्यक्तियों की एक सभा।,बेकायदेशीर विधानसभा,आयपीसी कलम 141,सहा महिन्यांपर्यंत वाढू शकणार्‍या मुदतीसाठी तुरुंगवास.,गुन्हा करण्याच्या उद्देशाने पाच किंवा अधिक व्यक्तींची सभा.
wildlife crimes,"Wildlife Protection Act, 1972",Imprisonment for a term which may extend to seven years.,Offenses related to the illegal poaching or trade of wildlife.,वन्यजीव अपराधों,"वन्यजीव संरक्षण अधिनियम, 1972",एक अवधि के लिए कारावास जो सात साल तक बढ़ सकता है।,वन्यजीवों के अवैध शिकार या व्यापार से संबंधित अपराध।,वन्यजीव गुन्हे,"वन्यजीव संरक्षण कायदा, 1972",सात वर्षांपर्यंत वाढू शकणार्‍या मुदतीसाठी तुरुंगवास.,बेकायदेशीर शिकार किंवा वन्यजीवांच्या व्यापाराशी संबंधित गुन्हे.
illegal logging,"Forest Conservation Act, 1980",Imprisonment for a term which may extend to five years.,Cutting down trees or logging in protected areas without permission.,अवैध कटाई,"वन संरक्षण अधिनियम, 1980",एक अवधि के लिए कारावास जो पांच साल तक बढ़ सकता है।,बिना अनुमति के पेड़ों को काटना या संरक्षित क्षेत्रों में कटाई करना।,बेकायदेशीर लॉगिंग,"वन संवर्धन कायदा, 1980",पाच वर्षांपर्यंत वाढू शकणार्‍या मुदतीसाठी तुरुंगवास.,परवानगीशिवाय झाडे तोडणे किंवा संरक्षित भागात वृक्षतोड करणे.
overspeeding,"Motor Vehicles Act, 1988",Fine or imprisonment for a term which may extend to three months.,Driving a vehicle at speeds above the prescribed limit.,ओवरस्पीडिंग,"मोटर वाहन अधिनियम, 1988",तीन महीने तक की अवधि के लिए जुर्माना या कारावास।,निर्धारित सीमा से अधिक गति से वाहन चलाना।,अतिमंजन,"मोटार वाहन कायदा, 1988",दंड किंवा कारावास ज्याची मुदत तीन महिन्यांपर्यंत असू शकते.,निर्धारित मर्यादेपेक्षा जास्त वेगाने वाहन चालवणे.
not wearing seat belt,"Motor Vehicles Act, 1988",Fine.,Failure to wear a seat belt while driving or riding.,सीट बेल्ट नहीं पहनना,"मोटर वाहन अधिनियम, 1988",ठीक है।,ड्राइविंग या सवारी करते समय सीट बेल्ट पहनने में विफलता।,सीट बेल्ट घातला नाही,"मोटार वाहन कायदा, 1988",सुरेख.,वाहन चालवताना किंवा सायकल चालवताना सीट बेल्ट घालण्यात अयशस्वी.
not wearing helmet,"Motor Vehicles Act, 1988",Fine.,Failure to wear a helmet while riding a two-wheeler.,हेलमेट नहीं पहनना,"मोटर वाहन अधिनियम, 1988",ठीक है।,दोपहिया वाहन चलाते समय हेलमेट न पहनना।,हेल्मेट घातलेले नाही,"मोटार वाहन कायदा, 1988",सुरेख.,दुचाकी चालवताना हेल्मेट घालण्यात अपयश.
tax evasion,"Income Tax Act, 1961",Imprisonment for a term which may extend to seven years.,Not paying taxes owed to the government.,कर चोरी,"आयकर अधिनियम, 1961",एक अवधि के लिए कारावास जो सात साल तक बढ़ सकता है।,सरकार पर बकाया टैक्स नहीं देना।,कर चुकवेगिरी,"आयकर कायदा, 1961",सात वर्षांपर्यंत वाढू शकणार्‍या मुदतीसाठी तुरुंगवास.,सरकारला देय कर भरत नाही.
securities fraud,"Securities and Exchange Board of India Act, 1992",Imprisonment for a term which may extend to ten years.,Fraudulent activities related to stock markets.,प्रतिभूति धोखाधड़ी,"भारतीय प्रतिभूति और विनिमय बोर्ड अधिनियम, १९९२",एक अवधि के लिए कारावास जो दस साल तक बढ़ सकता है।,शेयर बाजारों से संबंधित कपटपूर्ण गतिविधियां।,सिक्युरिटीज फसवणूक,"सिक्युरिटीज अँड एक्सचेंज बोर्ड ऑफ इंडिया कायदा, 1992",दहा वर्षांपर्यंत वाढू शकणार्‍या मुदतीसाठी तुरुंगवास.,शेअर बाजाराशी संबंधित फसवे उपक्रम.
forgery,IPC Section 463,Imprisonment for a term which may extend to two years.,Making a false document with the intent to cause damage.,जालसाजी,आईपीसी धारा ४६३,एक अवधि के लिए कारावास जो दो साल तक बढ़ सकता है।,नुकसान पहुंचाने के इरादे से गलत दस्तावेज बनाना।,खोटे,आयपीसी कलम 463,दोन वर्षांपर्यंत वाढू शकणार्‍या मुदतीसाठी तुरुंगवास.,नुकसान करण्याच्या उद्देशाने खोटे कागदपत्र तयार करणे.
organised crime,"Maharashtra Control of Organised Crime Act, 1999",Imprisonment for life.,Criminal activities conducted by organized groups.,संगठित अपराध,"महाराष्ट्र संगठित अपराध नियंत्रण अधिनियम, 1999",आजीवन कारावास।,संगठित समूहों द्वारा संचालित आपराधिक गतिविधियाँ।,संघटित गुन्हेगारी,"महाराष्ट्र संघटित गुन्हेगारी नियंत्रण कायदा, 1999",जन्मठेपेची शिक्षा.,संघटित गटांद्वारे आयोजित गुन्हेगारी क्रियाकलाप.
child exploitation,"Protection of Children from Sexual Offences Act, 2012",Imprisonment for a term which may extend to life.,Exploitation of children for sexual purposes.,बाल शोषण,"यौन अपराधों से बच्चों का संरक्षण अधिनियम, २०१२",एक अवधि के लिए कारावास जो जीवन तक बढ़ सकता है।,यौन उद्देश्यों के लिए बच्चों का शोषण।,मुलांचे शोषण,"लैंगिक गुन्ह्यांपासून मुलांचे संरक्षण कायदा, २०१२",आयुष्यभर वाढू शकणार्‍या मुदतीसाठी तुरुंगवास.,लैंगिक हेतूंसाठी मुलांचे शोषण.
forcible conversion,IPC Section 295,Imprisonment for a term which may extend to two years.,Forcing someone to convert to a different religion.,जबरन धर्मांतरण,आईपीसी धारा २९५,एक अवधि के लिए कारावास जो दो साल तक बढ़ सकता है।,किसी को अलग धर्म में परिवर्तित होने के लिए मजबूर करना।,जबरदस्तीने धर्मांतर,आयपीसी कलम 295,दोन वर्षांपर्यंत वाढू शकणार्‍या मुदतीसाठी तुरुंगवास.,एखाद्याला वेगळ्या धर्मात धर्मांतर करण्यास भाग पाडणे.
assisted suicide,IPC Section 306,Imprisonment for a term which may extend to ten years.,Aiding another person in committing suicide.,असिस्टेड सुसाइड,आईपीसी धारा ३०६,एक अवधि के लिए कारावास जो दस साल तक बढ़ सकता है।,आत्महत्या करने में किसी अन्य व्यक्ति की सहायता करना।,आत्महत्या करण्यास मदत केली,आयपीसी कलम 306,दहा वर्षांपर्यंत वाढू शकणार्‍या मुदतीसाठी तुरुंगवास.,आत्महत्या करण्यात दुसर्या व्यक्तीला मदत करणे.
emotional abuse,"Domestic Violence Act, 2005",Imprisonment for a term which may extend to one year.,Non-physical abuse in domestic situations.,भावनात्मक शोषण,"घरेलू हिंसा अधिनियम, 2005",एक अवधि के लिए कारावास जिसे एक वर्ष तक बढ़ाया जा सकता है।,घरेलू स्थितियों में गैर-शारीरिक शोषण।,भावनिक अत्याचार,"घरगुती हिंसाचार कायदा, 2005",एका वर्षासाठी मुदतवाढ देऊ शकते अशा मुदतीसाठी तुरुंगवास.,घरगुती परिस्थितीत गैर-शारीरिक अत्याचार.
property grabbing,IPC Section 441,Imprisonment for a term which may extend to two years.,Illegal appropriation of someone else's property.,संपत्ति हथियाना,आईपीसी धारा ४४१,एक अवधि के लिए कारावास जो दो साल तक बढ़ सकता है।,किसी अन्य की संपत्ति का अवैध विनियोग।,मालमत्ता बळकावणे,आयपीसी कलम 441,दोन वर्षांपर्यंत वाढू शकणार्‍या मुदतीसाठी तुरुंगवास.,दुसऱ्याच्या मालमत्तेचा बेकायदेशीर विनियोग.
fencing,IPC Section 447,Imprisonment for a term which may extend to three months.,Trespassing on someone else's property.,बाड़ लगाना,आईपीसी धारा ४४७,एक अवधि के लिए कारावास जो तीन महीने तक बढ़ सकता है।,किसी और की संपत्ति पर अतिक्रमण।,कुंपण,आयपीसी कलम 447,तीन महिन्यांपर्यंत वाढू शकणार्‍या मुदतीसाठी तुरुंगवास.,दुसऱ्याच्या मालमत्तेवर अतिक्रमण.
arson,IPC Section 435,Imprisonment for a term which may extend to seven years.,Deliberately setting fire to property.,आगजनी,आईपीसी धारा ४३५,एक अवधि के लिए कारावास जो सात साल तक बढ़ सकता है।,जानबूझ कर संपत्ति में आग लगाना।,जाळपोळ,आयपीसी कलम 435,सात वर्षांपर्यंत वाढू शकणार्‍या मुदतीसाठी तुरुंगवास.,मुद्दाम मालमत्तेला आग लावली.
phishing,"Information Technology Act, 2000",Imprisonment for a term which may extend to three years.,Fraudulently obtaining sensitive information by masquerading as a trustworthy entity.,फिशिंग,"सूचना प्रौद्योगिकी अधिनियम, 2000",एक अवधि के लिए कारावास जो तीन साल तक बढ़ सकता है।,एक भरोसेमंद इकाई के रूप में छिपकर धोखाधड़ी से संवेदनशील जानकारी प्राप्त करना।,फिशिंग,"माहिती तंत्रज्ञान कायदा, 2000",तीन वर्षांपर्यंत वाढू शकणार्‍या मुदतीसाठी तुरुंगवास.,विश्वासार्ह अस्तित्व म्हणून मुखवटा घालून फसव्या पद्धतीने संवेदनशील माहिती मिळवणे.
cyberbullying,"Information Technology Act, 2000",Imprisonment for a term which may extend to three years.,Bullying through electronic means.,साइबरबुलिंग,"सूचना प्रौद्योगिकी अधिनियम, 2000",एक अवधि के लिए कारावास जो तीन साल तक बढ़ सकता है।,इलेक्ट्रॉनिक माध्यम से धमकाना।,सायबर धमकी,"माहिती तंत्रज्ञान कायदा, 2000",तीन वर्षांपर्यंत वाढू शकणार्‍या मुदतीसाठी तुरुंगवास.,इलेक्ट्रॉनिक माध्यमांद्वारे गुंडगिरी.
malware distribution,"Information Technology Act, 2000",Imprisonment for a term which may extend to five years.,Distributing malicious software with intent to cause damage.,मैलवेयर वितरण,"सूचना प्रौद्योगिकी अधिनियम, 2000",एक अवधि के लिए कारावास जो पांच साल तक बढ़ सकता है।,नुकसान पहुंचाने के इरादे से दुर्भावनापूर्ण सॉफ़्टवेयर वितरित करना।,मालवेअर वितरण,"माहिती तंत्रज्ञान कायदा, 2000",पाच वर्षांपर्यंत वाढू शकणार्‍या मुदतीसाठी तुरुंगवास.,नुकसान करण्याच्या उद्देशाने दुर्भावनापूर्ण सॉफ्टवेअर वितरित करणे.
drug possession,"Narcotic Drugs and Psychotropic Substances Act, 1985",Imprisonment for a term which may extend to one year.,Possession of illegal drugs or psychotropic substances.,नशीली दवाओं का कब्ज़ा,"नारकोटिक ड्रग्स एंड साइकोट्रोपिक सब्सटेंस एक्ट, १९८५",एक अवधि के लिए कारावास जिसे एक वर्ष तक बढ़ाया जा सकता है।,अवैध दवाओं या मनोदैहिक पदार्थों का कब्ज़ा।,अंमली पदार्थांचा ताबा,"अंमली पदार्थ आणि सायकोट्रॉपिक पदार्थ कायदा, 1985",एका वर्षासाठी मुदतवाढ देऊ शकते अशा मुदतीसाठी तुरुंगवास.,बेकायदेशीर औषधे किंवा सायकोट्रॉपिक पदार्थांचा ताबा.
drug trafficking,"Narcotic Drugs and Psychotropic Substances Act, 1985",Imprisonment for a term which may extend to ten years.,"Production, manufacture, possession, sale, purchase, transport, warehousing, use, consumption, import inter-State, export inter-State, import into India, export from India or import into India of narcotic drugs.",मादक पदार्थों की तस्करी,"नारकोटिक ड्रग्स एंड साइकोट्रोपिक सब्सटेंस एक्ट, १९८५",एक अवधि के लिए कारावास जो दस साल तक बढ़ सकता है।,"उत्पादन, निर्माण, कब्ज़ा, बिक्री, खरीद, परिवहन, भंडारण, उपयोग, उपभोग, अंतर-राज्य आयात, अंतर-राज्य निर्यात, भारत में आयात, भारत से निर्यात या मादक दवाओं का भारत में आयात।",अंमली पदार्थांची तस्करी,"अंमली पदार्थ आणि सायकोट्रॉपिक पदार्थ कायदा, 1985",दहा वर्षांपर्यंत वाढू शकणार्‍या मुदतीसाठी तुरुंगवास.,"उत्पादन, उत्पादन, ताबा, विक्री, खरेदी, वाहतूक, गोदाम, वापर, उपभोग, आयात आंतरराज्यीय, निर्यात आंतरराज्यीय, भारतात आयात, भारतातून निर्यात किंवा अंमली पदार्थांची भारतात आयात."
substance abuse,Various State Laws,Varies significantly based on the offense.,The abuse of legal substances to the point of harm.,मादक द्रव्यों का सेवन,विभिन्न राज्य कानून,अपराध के आधार पर काफी भिन्न होता है।,नुकसान की हद तक कानूनी पदार्थों का दुरुपयोग।,पदार्थाचा गैरवापर,विविध राज्य कायदे,गुन्ह्यावर आधारित लक्षणीय फरक.,कायदेशीर पदार्थांचा गैरवापर हानीपर्यंत.
treason,IPC Section 121,Death penalty or life imprisonment.,Acts that betray the country.,देशद्रोह,आईपीसी धारा 121,मृत्युदंड या आजीवन कारावास।,देश के साथ विश्वासघात करने वाले कार्य।,देशद्रोह,आयपीसी कलम 121,फाशीची शिक्षा किंवा जन्मठेपेची शिक्षा.,देशाचा विश्वासघात करणारी कृत्ये.
insurgency,"Unlawful Activities (Prevention) Act, 1967",Imprisonment for life.,Acts aimed at undermining the sovereignty and integrity of India.,विद्रोह,"गैरकानूनी गतिविधियाँ (रोकथाम) अधिनियम, 1967",आजीवन कारावास।,भारत की संप्रभुता और अखंडता को कमजोर करने के उद्देश्य से अधिनियम।,बंडखोरीचा,"बेकायदेशीर क्रियाकलाप (प्रतिबंध) कायदा, 1967",जन्मठेपेची शिक्षा.,भारताचे सार्वभौमत्व आणि अखंडता कमी करण्याच्या उद्देशाने कायदे.
public disturbance,IPC Section 151,Imprisonment for a term which may extend to six months.,Creating disturbances in public places.,सार्वजनिक अशांति,आईपीसी धारा 151,एक अवधि के लिए कारावास जो छह महीने तक बढ़ सकता है।,सार्वजनिक स्थानों पर गड़बड़ी पैदा करना।,सार्वजनिक अशांतता,आयपीसी कलम 151,सहा महिन्यांपर्यंत वाढू शकणार्‍या मुदतीसाठी तुरुंगवास.,सार्वजनिक ठिकाणी त्रास निर्माण करणे.
rioting with deadly weapons,IPC Section 148,Imprisonment for a term which may extend to three years.,Rioting while armed with a deadly weapon.,जानलेवा हथियारों से दंगा,आईपीसी धारा १४८,एक अवधि के लिए कारावास जो तीन साल तक बढ़ सकता है।,घातक हथियार से लैस होकर दंगा करना।,प्राणघातक शस्त्रांनी दंगल,आयपीसी कलम 148,तीन वर्षांपर्यंत वाढू शकणार्‍या मुदतीसाठी तुरुंगवास.,प्राणघातक शस्त्राने सशस्त्र असताना दंगल.
preventive detention,"Preventive Detention Act, 1950",Varies based on the circumstances.,Detaining a person to prevent them from committing a crime.,निवारक निरोध,"निवारक निरोध अधिनियम, 1950",परिस्थितियों के आधार पर भिन्न होता है।,किसी व्यक्ति को अपराध करने से रोकने के लिए उसे हिरासत में लेना।,प्रतिबंधात्मक अटकेची,"प्रतिबंधात्मक अटकेचा कायदा, 1950",परिस्थितीवर आधारित बदलते.,एखाद्या व्यक्तीला गुन्हा करण्यापासून रोखण्यासाठी ताब्यात घेणे.
illegal quarrying,"Mines and Minerals (Development and Regulation) Act, 1957",Imprisonment for a term which may extend to five years.,Mining without legal permission.,अवैध उत्खनन,"खान और खनिज (विकास और विनियमन) अधिनियम, १९५७",एक अवधि के लिए कारावास जो पांच साल तक बढ़ सकता है।,कानूनी अनुमति के बिना खनन।,अवैध उत्खनन,"खाण आणि खनिजे (विकास आणि नियमन) कायदा, 1957",पाच वर्षांपर्यंत वाढू शकणार्‍या मुदतीसाठी तुरुंगवास.,कायदेशीर परवानगीशिवाय खाणकाम.
air pollution,"Air (Prevention and Control of Pollution) Act, 1981",Imprisonment for a term which may extend to six months.,Violating air quality standards set by law.,वायु प्रदूषण,"वायु (प्रदूषण निवारण एवं नियंत्रण) अधिनियम, 1981",एक अवधि के लिए कारावास जो छह महीने तक बढ़ सकता है।,कानून द्वारा निर्धारित वायु गुणवत्ता मानकों का उल्लंघन करना।,वायू प्रदूषण,"वायु (प्रदूषण प्रतिबंध आणि नियंत्रण) कायदा, 1981",सहा महिन्यांपर्यंत वाढू शकणार्‍या मुदतीसाठी तुरुंगवास.,कायद्याने सेट केलेल्या हवेच्या गुणवत्तेच्या मानकांचे उल्लंघन करणे.
not following traffic signals,"Motor Vehicles Act, 1988",Fine or imprisonment for a term which may extend to three months.,Disobeying traffic signals at intersections.,ट्रैफिक सिग्नल का पालन नहीं करना,"मोटर वाहन अधिनियम, 1988",तीन महीने तक की अवधि के लिए जुर्माना या कारावास।,चौराहों पर ट्रैफिक सिग्नल की अवहेलना।,ट्रॅफिक सिग्नल फॉलो करत नाही,"मोटार वाहन कायदा, 1988",दंड किंवा कारावास ज्याची मुदत तीन महिन्यांपर्यंत असू शकते.,छेदनबिंदूंवरील रहदारी सिग्नलचे उल्लंघन करणे.
driving without license,"Motor Vehicles Act, 1988",Fine or imprisonment for a term which may extend to three months.,Driving a vehicle without a valid license.,बिना लाइसेंस के ड्राइविंग,"मोटर वाहन अधिनियम, 1988",तीन महीने तक की अवधि के लिए जुर्माना या कारावास।,बिना वैध लाइसेंस के वाहन चलाना।,परवान्याशिवाय वाहन चालवणे,"मोटार वाहन कायदा, 1988",दंड किंवा कारावास ज्याची मुदत तीन महिन्यांपर्यंत असू शकते.,वैध परवान्याशिवाय वाहन चालवणे.
bank fraud,Indian Penal Code and Banking Regulation Act,Imprisonment for a term which may extend to ten years.,Fraudulent activities involving banks.,बैंक धोखाधड़ी,भारतीय दंड संहिता और बैंकिंग विनियमन अधिनियम,एक अवधि के लिए कारावास जो दस साल तक बढ़ सकता है।,बैंकों से जुड़ी धोखाधड़ीपूर्ण गतिविधियाँ।,बँक फसवणूक,भारतीय दंड संहिता आणि बँकिंग नियमन कायदा,दहा वर्षांपर्यंत वाढू शकणार्‍या मुदतीसाठी तुरुंगवास.,बँकांचा समावेश असलेल्या फसव्या क्रियाकलाप.
pyramid scheme,"The Prize Chits and Money Circulation Schemes (Banning) Act, 1978",Imprisonment for a term which may extend to two years.,Illegal schemes promising high returns on investments.,पिरामिड योजना,"पुरस्कार चिट और धन संचलन योजना (प्रतिबंध) अधिनियम, 1978",एक अवधि के लिए कारावास जो दो साल तक बढ़ सकता है।,निवेश पर उच्च रिटर्न का वादा करने वाली अवैध योजनाएं।,पिरॅमिड योजना,"बक्षीस चिट्स आणि मनी सर्कुलेशन स्कीम्स (बंदी) कायदा, 1978",दोन वर्षांपर्यंत वाढू शकणार्‍या मुदतीसाठी तुरुंगवास.,गुंतवणुकीवर उच्च परतावा देण्याचे आश्वासन देणाऱ्या बेकायदेशीर योजना.
abduction,IPC Section 363,Imprisonment for a term which may extend to seven years.,Taking away a person against their will.,अपहरण,आईपीसी धारा ३६३,एक अवधि के लिए कारावास जो सात साल तक बढ़ सकता है।,किसी व्यक्ति को उसकी इच्छा के विरुद्ध छीन लेना।,अपहरण,आयपीसी कलम 363,सात वर्षांपर्यंत वाढू शकणार्‍या मुदतीसाठी तुरुंगवास.,एखाद्या व्यक्तीला त्यांच्या इच्छेविरुद्ध घेऊन जाणे.
outraging modesty,IPC Section 354,Imprisonment for a term which may extend to three years.,Assaulting a woman with intent to outrage her modesty.,शीलभंग,आईपीसी धारा ३५४,एक अवधि के लिए कारावास जो तीन साल तक बढ़ सकता है।,एक महिला की विनम्रता को ठेस पहुंचाने के इरादे से उस पर हमला करना।,नम्रतेचा अपमान,आयपीसी कलम 354,तीन वर्षांपर्यंत वाढू शकणार्‍या मुदतीसाठी तुरुंगवास.,एका महिलेवर तिचा विनयभंग करण्याच्या उद्देशाने हल्ला करणे.
child abduction,IPC Section 363A,Imprisonment for a term which may extend to seven years.,Abducting a minor.,बाल अपहरण,आईपीसी धारा ३६३ ए,एक अवधि के लिए कारावास जो सात साल तक बढ़ सकता है।,नाबालिग को भगा ले जाना।,मुलाचे अपहरण,आयपीसी कलम 363 ए,सात वर्षांपर्यंत वाढू शकणार्‍या मुदतीसाठी तुरुंगवास.,अल्पवयीन मुलाचे अपहरण.
trespassing,IPC Section 441,Imprisonment for a term which may extend to six months.,Entering someone's property without permission.,अतिक्रमण,आईपीसी धारा ४४१,एक अवधि के लिए कारावास जो छह महीने तक बढ़ सकता है।,बिना अनुमति के किसी की संपत्ति में प्रवेश करना।,अतिक्रमण,आयपीसी कलम 441,सहा महिन्यांपर्यंत वाढू शकणार्‍या मुदतीसाठी तुरुंगवास.,परवानगीशिवाय एखाद्याच्या मालमत्तेत प्रवेश करणे.
theft of services,IPC Section 378,Imprisonment for a term which may extend to three years.,Stealing services like electricity or water.,सेवाओं की चोरी,आईपीसी धारा ३७८,एक अवधि के लिए कारावास जो तीन साल तक बढ़ सकता है।,बिजली या पानी जैसी सेवाओं की चोरी।,सेवांची चोरी,आयपीसी कलम 378,तीन वर्षांपर्यंत वाढू शकणार्‍या मुदतीसाठी तुरुंगवास.,वीज किंवा पाणी यासारख्या सेवा चोरणे.
damage to property,IPC Section 427,Imprisonment for a term which may extend to two years.,Causing damage to property intentionally.,संपत्ति को नुकसान,आईपीसी धारा 427,एक अवधि के लिए कारावास जो दो साल तक बढ़ सकता है।,जानबूझकर संपत्ति को नुकसान पहुंचाना।,मालमत्तेचे नुकसान,आयपीसी कलम 427,दोन वर्षांपर्यंत वाढू शकणार्‍या मुदतीसाठी तुरुंगवास.,जाणूनबुजून मालमत्तेचे नुकसान करणे.
counterfeit goods,"Trade Marks Act, 1999",Imprisonment for a term which may extend to three years.,Manufacturing or selling goods that falsely claim to be from a registered brand.,नकली माल,"ट्रेड मार्क्स अधिनियम, 1999",एक अवधि के लिए कारावास जो तीन साल तक बढ़ सकता है।,ऐसे सामान का निर्माण या बिक्री करना जो किसी पंजीकृत ब्रांड से होने का झूठा दावा करता हो।,बनावट वस्तू,"ट्रेड मार्क्स कायदा, 1999",तीन वर्षांपर्यंत वाढू शकणार्‍या मुदतीसाठी तुरुंगवास.,नोंदणीकृत ब्रँडचा असल्याचा खोटा दावा करणाऱ्या वस्तूंचे उत्पादन किंवा विक्री.
carjacking,IPC Section 392,Imprisonment for a term which may extend to seven years.,Robbery involving the unlawful seizure of a vehicle.,कारजैकिंग,आईपीसी धारा ३९२,एक अवधि के लिए कारावास जो सात साल तक बढ़ सकता है।,वाहन की गैरकानूनी जब्ती से जुड़ी डकैती।,कारजॅकिंग,आयपीसी कलम 392,सात वर्षांपर्यंत वाढू शकणार्‍या मुदतीसाठी तुरुंगवास.,वाहन बेकायदेशीरपणे जप्त केल्याचा समावेश असलेली दरोडा.
online fraud,"Information Technology Act, 2000",Imprisonment for a term which may extend to five years.,Fraud committed online through deception.,ऑनलाइन धोखाधड़ी,"सूचना प्रौद्योगिकी अधिनियम, 2000",एक अवधि के लिए कारावास जो पांच साल तक बढ़ सकता है।,धोखे से ऑनलाइन की गई धोखाधड़ी।,ऑनलाइन फसवणूक,"माहिती तंत्रज्ञान कायदा, 2000",पाच वर्षांपर्यंत वाढू शकणार्‍या मुदतीसाठी तुरुंगवास.,फसवणुकीद्वारे ऑनलाइन फसवणूक केली.
social media abuse,"Information Technology Act, 2000",Imprisonment for a term which may extend to three years.,Harassment or defamation conducted via social media platforms.,सोशल मीडिया दुर्व्यवहार,"सूचना प्रौद्योगिकी अधिनियम, 2000",एक अवधि के लिए कारावास जो तीन साल तक बढ़ सकता है।,सोशल मीडिया प्लेटफॉर्म के माध्यम से किया गया उत्पीड़न या मानहानि।,सोशल मीडियाचा गैरवापर,"माहिती तंत्रज्ञान कायदा, 2000",तीन वर्षांपर्यंत वाढू शकणार्‍या मुदतीसाठी तुरुंगवास.,सोशल मीडिया प्लॅटफॉर्मद्वारे छळ किंवा बदनामी केली जाते.
drug addiction,"Narcotic Drugs and Psychotropic Substances Act, 1985",Varies based on specific offenses.,Dependence on illegal substances requiring rehabilitation.,नशाखोरी,"नारकोटिक ड्रग्स एंड साइकोट्रोपिक सब्सटेंस एक्ट, १९८५",विशिष्ट अपराधों के आधार पर भिन्न होता है।,पुनर्वास की आवश्यकता वाले अवैध पदार्थों पर निर्भरता।,मादक पदार्थांचे व्यसन,"अंमली पदार्थ आणि सायकोट्रॉपिक पदार्थ कायदा, 1985",विशिष्ट गुन्ह्यांवर आधारित भिन्नता.,पुनर्वसन आवश्यक असलेल्या बेकायदेशीर पदार्थांवर अवलंबून.
possession of dangerous drugs,"Narcotic Drugs and Psychotropic Substances Act, 1985",Imprisonment for a term which may extend to ten years.,Possession of drugs classified as dangerous without legal permission.,खतरनाक दवाओं का कब्ज़ा,"नारकोटिक ड्रग्स एंड साइकोट्रोपिक सब्सटेंस एक्ट, १९८५",एक अवधि के लिए कारावास जो दस साल तक बढ़ सकता है।,कानूनी अनुमति के बिना खतरनाक के रूप में वर्गीकृत दवाओं का कब्ज़ा।,धोकादायक औषधांचा ताबा,"अंमली पदार्थ आणि सायकोट्रॉपिक पदार्थ कायदा, 1985",दहा वर्षांपर्यंत वाढू शकणार्‍या मुदतीसाठी तुरुंगवास.,कायदेशीर परवानगीशिवाय धोकादायक म्हणून वर्गीकृत औषधांचा ताबा.
sabotage,IPC Section 124,Imprisonment for a term which may extend to life.,Acts intended to undermine the security or integrity of the state.,तोड़फोड़,आईपीसी धारा 124,एक अवधि के लिए कारावास जो जीवन तक बढ़ सकता है।,राज्य की सुरक्षा या अखंडता को कमजोर करने के उद्देश्य से किए गए कार्य।,तोडफोड,आयपीसी कलम 124,आयुष्यभर वाढू शकणार्‍या मुदतीसाठी तुरुंगवास.,राज्याची सुरक्षा किंवा अखंडता कमी करण्याच्या उद्देशाने कायदे.
public drunkness,IPC Section 12,Fine or imprisonment for a term which may extend to three months.,Being drunk in a public place and causing disturbance.,सार्वजनिक पियक्कड़पन,आईपीसी धारा १२,तीन महीने तक की अवधि के लिए जुर्माना या कारावास।,सार्वजनिक स्थान पर नशे में होना और अशांति पैदा करना।,सार्वजनिक मद्यपान,आयपीसी कलम 12,दंड किंवा कारावास ज्याची मुदत तीन महिन्यांपर्यंत असू शकते.,सार्वजनिक ठिकाणी मद्यपान केल्याने त्रास होतो.
creating havoc,IPC Section 290,Imprisonment for a term which may extend to three months.,Creating a public nuisance.,मचाते कहर,आईपीसी धारा २९०,एक अवधि के लिए कारावास जो तीन महीने तक बढ़ सकता है।,सार्वजनिक उपद्रव पैदा करना।,कहर,आयपीसी कलम 290,तीन महिन्यांपर्यंत वाढू शकणार्‍या मुदतीसाठी तुरुंगवास.,सार्वजनिक उपद्रव निर्माण करणे.
wildlife crime,"Wildlife Protection Act, 1972",Imprisonment for a term which may extend to seven years.,Poaching or illegal trade of endangered species.,वन्यजीव अपराध,"वन्यजीव संरक्षण अधिनियम, 1972",एक अवधि के लिए कारावास जो सात साल तक बढ़ सकता है।,लुप्तप्राय प्रजातियों का अवैध शिकार या अवैध व्यापार।,वन्यजीव गुन्हे,"वन्यजीव संरक्षण कायदा, 1972",सात वर्षांपर्यंत वाढू शकणार्‍या मुदतीसाठी तुरुंगवास.,लुप्तप्राय प्रजातींची शिकार किंवा अवैध व्यापार.
road rage,"Motor Vehicles Act, 1988",Imprisonment for a term which may extend to three years.,Aggressive behavior exhibited by drivers or riders on the road.,रोड रेज,"मोटर वाहन अधिनियम, 1988",एक अवधि के लिए कारावास जो तीन साल तक बढ़ सकता है।,सड़क पर ड्राइवरों या सवारों द्वारा प्रदर्शित आक्रामक व्यवहार।,रोड क्रोध,"मोटार वाहन कायदा, 1988",तीन वर्षांपर्यंत वाढू शकणार्‍या मुदतीसाठी तुरुंगवास.,रस्त्यावरील ड्रायव्हर्स किंवा रायडर्सद्वारे प्रदर्शित केलेले आक्रमक वर्तन.
unlicensed motorcycling,"Motor Vehicles Act, 1988",Fine or imprisonment for a term which may extend to three months.,Riding a motorcycle without a valid license.,बिना लाइसेंस मोटरसाइकिल,"मोटर वाहन अधिनियम, 1988",तीन महीने तक की अवधि के लिए जुर्माना या कारावास।,वैध लाइसेंस के बिना मोटरसाइकिल चलाना।,विनापरवाना मोटरसायकल,"मोटार वाहन कायदा, 1988",दंड किंवा कारावास ज्याची मुदत तीन महिन्यांपर्यंत असू शकते.,वैध परवान्याशिवाय मोटरसायकल चालवणे.
insider trading,"Securities and Exchange Board of India Act, 1992",Imprisonment for a term which may extend to ten years.,Trading based on confidential information not available to the public.,इनसाइडर ट्रेडिंग,"भारतीय प्रतिभूति और विनिमय बोर्ड अधिनियम, १९९२",एक अवधि के लिए कारावास जो दस साल तक बढ़ सकता है।,जनता के लिए उपलब्ध नहीं गोपनीय जानकारी के आधार पर व्यापार।,इनसाइडर ट्रेडिंग,"सिक्युरिटीज अँड एक्सचेंज बोर्ड ऑफ इंडिया कायदा, 1992",दहा वर्षांपर्यंत वाढू शकणार्‍या मुदतीसाठी तुरुंगवास.,गोपनीय माहितीवर आधारित व्यापार लोकांसाठी उपलब्ध नाही.
financial fraud,Indian Penal Code and other financial regulations,Imprisonment for a term which may extend to seven years.,Fraud involving financial transactions.,वित्तीय धोखाधड़ी,भारतीय दंड संहिता और अन्य वित्तीय नियम,एक अवधि के लिए कारावास जो सात साल तक बढ़ सकता है।,वित्तीय लेनदेन से जुड़ी धोखाधड़ी।,आर्थिक फसवणूक,भारतीय दंड संहिता आणि इतर आर्थिक नियम,सात वर्षांपर्यंत वाढू शकणार्‍या मुदतीसाठी तुरुंगवास.,आर्थिक व्यवहारांचा समावेश असलेली फसवणूक.
nirbhaya case,"IPC Sections 376, 302, 354",Death penalty for the main accused.,A brutal gang rape and murder of a young woman in Delhi in 2012 that led to widespread protests and significant legal reforms.,निर्भया केस,"आईपीसी धारा 376, 302, 354",मुख्य आरोपी को मौत की सजा।,२०१२ में दिल्ली में एक युवा महिला के साथ क्रूर सामूहिक बलात्कार और हत्या जिसके कारण व्यापक विरोध और महत्वपूर्ण कानूनी सुधार हुए।,निर्भया प्रकरण,"आयपीसी कलम 376, 302, 354",मुख्य आरोपीला फाशीची शिक्षा.,2012 मध्ये दिल्लीत एका तरुणीवर क्रूर सामूहिक बलात्कार आणि हत्या ज्यामुळे व्यापक निषेध आणि महत्त्वपूर्ण कायदेशीर सुधारणा झाल्या.
aarushi talwar case,IPC Section 302,Life imprisonment (later acquitted).,"The murder of a 14-year-old girl in Noida in 2008, which attracted extensive media coverage and raised questions about the investigative process.",आरुषि तलवार मामला,आईपीसी धारा ३०२,आजीवन कारावास (बाद में बरी)।,"२००८ में नोएडा में १४ वर्षीय लड़की की हत्या, जिसने व्यापक मीडिया कवरेज को आकर्षित किया और जांच प्रक्रिया के बारे में सवाल उठाए।",आरुषी तलवार प्रकरण,आयपीसी कलम 302,जन्मठेपेची शिक्षा (नंतर निर्दोष).,"2008 मध्ये नोएडा येथे एका 14 वर्षांच्या मुलीची हत्या, ज्याने व्यापक मीडिया कव्हरेज आकर्षित केले आणि तपास प्रक्रियेबद्दल प्रश्न उपस्थित केले."
satyam scam,"IPC Sections 120B (Criminal conspiracy), 409 (Criminal breach of trust)",7 years of imprisonment for the main accused.,A massive corporate fraud involving falsification of accounts and misrepresentation of financial statements by Satyam Computer Services in 2009.,सत्यम घोटाला,"आईपीसी धारा १२० बी (आपराधिक साजिश), ४०९ (आपराधिक विश्वासघात)",मुख्य आरोपी को ७ साल की कैद।,२००९ में सत्यम कंप्यूटर सर्विसेज द्वारा खातों के मिथ्याकरण और वित्तीय विवरणों की गलत व्याख्या से संबंधित एक बड़े पैमाने पर कॉर्पोरेट धोखाधड़ी।,सत्यम घोटाळा,"आयपीसी कलम 120 बी (फौजदारी कट), 409 (विश्वासाचा फौजदारी उल्लंघन)",मुख्य आरोपीला 7 वर्षे तुरूंगवास.,2009 मध्ये सत्यम कॉम्प्युटर सर्व्हिसेसद्वारे खाती खोटी करणे आणि आर्थिक स्टेटमेन्टचे चुकीचे वर्णन करणे समाविष्ट असलेली एक मोठी कॉर्पोरेट फसवणूक.
rajiv gandhi assassination,IPC Section 302,Death penalty for the main conspirators.,The assassination of former Prime Minister Rajiv Gandhi in 1991 by a suicide bomber linked to the LTTE.,राजीव गांधी हत्याकांड,आईपीसी धारा ३०२,मुख्य साजिशकर्ताओं को मौत की सजा।,लिट्टे से जुड़े आत्मघाती हमलावर द्वारा १९९१ में पूर्व प्रधानमंत्री राजीव गांधी की हत्या।,राजीव गांधी यांची हत्या,आयपीसी कलम 302,मुख्य कटकारस्थानांना फाशीची शिक्षा.,1991 मध्ये माजी पंतप्रधान राजीव गांधी यांची एलटीटीईशी संबंधित आत्मघातकी बॉम्बरने केलेली हत्या.
bhopal gas tragedy,Various environmental and industrial safety laws,"Controversial fines imposed, but criminal liability remains controversial.","A gas leak incident in 1984 that caused thousands of deaths and injuries in Bhopal, leading to a landmark case of corporate negligence.",भोपाल गैस त्रासदी,विभिन्न पर्यावरण और औद्योगिक सुरक्षा कानून,"विवादास्पद जुर्माना लगाया गया, लेकिन आपराधिक दायित्व विवादास्पद बना हुआ है।","१९८४ में एक गैस रिसाव की घटना जिसके कारण भोपाल में हजारों मौतें और चोटें हुईं, जिससे कॉर्पोरेट लापरवाही का एक ऐतिहासिक मामला सामने आया।",भोपाळ गॅस शोकांतिका,विविध पर्यावरणीय आणि औद्योगिक सुरक्षा कायदे,"वादग्रस्त दंड ठोठावला, परंतु गुन्हेगारी दायित्व विवादास्पद राहिले.","1984 मध्ये गॅस गळतीची घटना ज्यामुळे भोपाळमध्ये हजारो मृत्यू आणि जखमी झाले, ज्यामुळे कॉर्पोरेट निष्काळजीपणाचे ऐतिहासिक प्रकरण घडले."
manorama case,IPC Section 376,Life imprisonment for the accused police officer.,"The custodial rape and murder of a 37-year-old woman in Manipur, leading to widespread protests and calls for justice.",मनोरमा मामला,आईपीसी धारा ३७६,आरोपी पुलिस अधिकारी को उम्रकैद।,"मणिपुर में ३७ वर्षीय महिला के साथ हिरासत में बलात्कार और हत्या, जिसके कारण व्यापक विरोध प्रदर्शन हुए और न्याय की मांग की गई।",मनोरमा केस,आयपीसी कलम 376,आरोपी पोलिस अधिका-याला जन्मठेपेची शिक्षा.,"मणिपूरमध्ये एका 37 वर्षीय महिलेवर कोठडीत बलात्कार आणि खून, ज्यामुळे व्यापक निषेध आणि न्यायाची मागणी झाली."
panchkula riots,IPC Sections related to rioting and arson,Various sentences for multiple accused.,"Riots that erupted after the conviction of spiritual leader Gurmeet Ram Rahim Singh in a rape case, leading to violence and casualties.",पंचकूला दंगे,आईपीसी दंगा और आगजनी से संबंधित धाराएं,कई आरोपियों के लिए विभिन्न वाक्य।,"आध्यात्मिक गुरु गुरमीत राम रहीम सिंह को बलात्कार के एक मामले में दोषी ठहराए जाने के बाद भड़के दंगे, जिनमें हिंसा हुई और लोग हताहत हुए।",पंचकुला दंगल,दंगल आणि जाळपोळ संबंधित IPC विभाग,अनेक आरोपींना विविध शिक्षा.,"अध्यात्मिक नेते गुरमीत राम रहीम सिंग यांना बलात्कार प्रकरणात दोषी ठरवल्यानंतर सुरू झालेल्या दंगली, ज्यामुळे हिंसाचार आणि जीवितहानी झाली."
kajal pandey case,IPC Section 302,Life imprisonment for the accused.,"The murder of a young girl in 2014, which led to public outcry and demands for stricter laws against child offenses.",काजल पांडे केस,आईपीसी धारा ३०२,आरोपी को उम्रकैद।,"2014 में एक युवा लड़की की हत्या, जिसके कारण सार्वजनिक आक्रोश फैल गया और बाल अपराधों के खिलाफ सख्त कानूनों की मांग की गई।",काजल पांडे प्रकरण,आयपीसी कलम 302,आरोपींना जन्मठेपेची शिक्षा.,"2014 मध्ये एका तरुण मुलीची हत्या, ज्यामुळे जनक्षोभ निर्माण झाला आणि बाल गुन्ह्यांविरुद्ध कठोर कायदे करण्याची मागणी झाली."
delhi riots,"IPC Sections related to rioting, arson, and murder",Varies based on specific charges; can include life imprisonment.,"Communal violence erupted in North East Delhi in 2020, leading to numerous deaths, injuries, and extensive property damage.",दिल्ली दंगे,"आईपीसी दंगे, आगजनी और हत्या से संबंधित धाराएँ",विशिष्ट आरोपों के आधार पर भिन्न होता है; इसमें आजीवन कारावास शामिल हो सकता है।,"2020 में उत्तर पूर्वी दिल्ली में सांप्रदायिक हिंसा भड़क उठी, जिससे कई मौतें, चोटें और व्यापक संपत्ति की क्षति हुई।",दिल्ली दंगल,"दंगल, जाळपोळ आणि हत्येशी संबंधित IPC विभाग",विशिष्ट आरोपांवर आधारित भिन्नता; जन्मठेप समाविष्ट करू शकते.,"2020 मध्ये ईशान्य दिल्लीमध्ये सांप्रदायिक हिंसाचाराचा उद्रेक झाला, ज्यामुळे असंख्य मृत्यू, जखमी आणि मोठ्या प्रमाणात मालमत्तेचे नुकसान झाले."
khalistani movement,IPC Sections related to conspiracy and murder,Death penalty for key conspirators.,"The assassination of Prime Minister Indira Gandhi in 1984 by her bodyguards in the context of rising Khalistani separatism, resulting in anti-Sikh riots.",खालिस्तानी आंदोलन,आईपीसी साजिश और हत्या से संबंधित धाराएं,प्रमुख षड्यंत्रकारियों को मौत की सजा।,"बढ़ते खालिस्तानी अलगाववाद के संदर्भ में १९८४ में प्रधान मंत्री इंदिरा गांधी की उनके अंगरक्षकों द्वारा हत्या, जिसके परिणामस्वरूप सिख विरोधी दंगे हुए।",खलिस्तानी चळवळ,कट रचणे आणि हत्येशी संबंधित आयपीसी विभाग,मुख्य कटकारस्थानांना फाशीची शिक्षा.,"वाढत्या खलिस्तानी अलिप्ततावादाच्या संदर्भात 1984 मध्ये पंतप्रधान इंदिरा गांधी यांची त्यांच्या अंगरक्षकांनी केलेली हत्या, परिणामी शीखविरोधी दंगली झाल्या."
child sexual abuse,"Protection of Children from Sexual Offences (POSCO) Act, 2012",Imprisonment for a term which may extend to life for severe offenses.,"Increasing cases of sexual abuse of minors, leading to greater awareness and legal protections.",बाल यौन शोषण,"यौन अपराधों से बच्चों का संरक्षण (पोस्को) अधिनियम, २०१२",एक अवधि के लिए कारावास जो गंभीर अपराधों के लिए जीवन तक बढ़ सकता है।,"नाबालिगों के यौन शोषण के मामले बढ़ रहे हैं, जिससे अधिक जागरूकता और कानूनी सुरक्षा बढ़ रही है।",बाल लैंगिक शोषण,"लैंगिक गुन्ह्यांपासून मुलांचे संरक्षण (POSCO) कायदा, 2012",गंभीर गुन्ह्यांसाठी जन्मठेपेपर्यंत वाढू शकणार्‍या मुदतीसाठी तुरुंगवास.,"अल्पवयीन मुलांच्या लैंगिक शोषणाची वाढती प्रकरणे, ज्यामुळे अधिक जागरूकता आणि कायदेशीर संरक्षण होते."
domestic violence,"Protection of Women from Domestic Violence Act, 2005",Imprisonment and fines based on the severity of the offense.,"Cases involving physical, emotional, or economic abuse within domestic settings, often leading to serious physical and mental health issues.",घरेलू हिंसा,"घरेलू हिंसा से महिलाओं का संरक्षण अधिनियम, २००५",अपराध की गंभीरता के आधार पर कारावास और जुर्माना।,"घरेलू परिवेश में शारीरिक, भावनात्मक या आर्थिक दुर्व्यवहार से जुड़े मामले, अक्सर गंभीर शारीरिक और मानसिक स्वास्थ्य समस्याओं का कारण बनते हैं।",घरगुती हिंसाचार,"घरगुती हिंसाचारापासून महिलांचे संरक्षण कायदा, 2005",गुन्ह्याच्या तीव्रतेवर आधारित तुरुंगवास आणि दंड.,"घरगुती सेटिंग्जमध्ये शारीरिक, भावनिक किंवा आर्थिक गैरवापराचा समावेश असलेली प्रकरणे, अनेकदा गंभीर शारीरिक आणि मानसिक आरोग्य समस्या निर्माण करतात."
corruption cases,"Prevention of Corruption Act, 1988",Varies; can include imprisonment and fines.,"Numerous high-profile corruption cases involving politicians and public officials, leading to significant public outcry.",भ्रष्टाचार के मामले,"भ्रष्टाचार निवारण अधिनियम, 1988",भिन्न होता है; इसमें कारावास और जुर्माना शामिल हो सकता है।,"राजनेताओं और सार्वजनिक अधिकारियों से जुड़े कई हाई-प्रोफाइल भ्रष्टाचार के मामले, जिससे महत्वपूर्ण सार्वजनिक आक्रोश पैदा हुआ।",भ्रष्टाचाराची प्रकरणे,"भ्रष्टाचार प्रतिबंधक कायदा, 1988",भिन्न; तुरुंगवास आणि दंड समाविष्ट करू शकता.,"राजकारणी आणि सार्वजनिक अधिकारी यांचा समावेश असलेली असंख्य उच्च-प्रोफाइल भ्रष्टाचार प्रकरणे, ज्यामुळे लक्षणीय जनक्षोभ निर्माण झाला."
fake currency smuggling,"Reserve Bank of India Act, 1934, and IPC Sections related to counterfeiting",Imprisonment for a term which may extend to life.,"The circulation of counterfeit currency notes, posing a threat to the economy and financial stability.",नकली मुद्रा की तस्करी,"भारतीय रिजर्व बैंक अधिनियम, १९३४, और आईपीसी जालसाजी से संबंधित धाराएं",एक अवधि के लिए कारावास जो जीवन तक बढ़ सकता है।,"नकली नोटों का प्रचलन, अर्थव्यवस्था और वित्तीय स्थिरता के लिए खतरा पैदा करता है।",बनावट चलन तस्करी,"रिझर्व्ह बँक ऑफ इंडिया कायदा, 1934, आणि बनावटगिरीशी संबंधित IPC विभाग",आयुष्यभर वाढू शकणार्‍या मुदतीसाठी तुरुंगवास.,"बनावट चलन नोटांचे परिसंचरण, अर्थव्यवस्थेला आणि आर्थिक स्थिरतेला धोका निर्माण करते."
organ trafficking,"Transplantation of Human Organs Act, 1994",Imprisonment and heavy fines.,"Illegal trade in human organs, often targeting vulnerable populations, leading to ethical and health-related crises.",अंग तस्करी,"मानव अंगों का प्रत्यारोपण अधिनियम, 1994",कारावास और भारी जुर्माना।,"मानव अंगों का अवैध व्यापार, अक्सर कमजोर आबादी को निशाना बनाता है, जिससे नैतिक और स्वास्थ्य संबंधी संकट पैदा होते हैं।",अवयव तस्करी,"मानवी अवयवांचे प्रत्यारोपण कायदा, 1994",तुरुंगवास आणि भारी दंड.,"मानवी अवयवांमध्ये बेकायदेशीर व्यापार, अनेकदा असुरक्षित लोकसंख्येला लक्ष्य करते, ज्यामुळे नैतिक आणि आरोग्य-संबंधित संकटे येतात."
terrorist attacks,"Unlawful Activities (Prevention) Act, 1967",Life imprisonment or death penalty for severe offenses.,"Numerous terrorist attacks across India, particularly in Kashmir and urban areas, highlighting security challenges.",आतंकवादी हमले,"गैरकानूनी गतिविधियाँ (रोकथाम) अधिनियम, 1967",गंभीर अपराधों के लिए आजीवन कारावास या मृत्युदंड।,"पूरे भारत में, विशेषकर कश्मीर और शहरी क्षेत्रों में कई आतंकवादी हमले, सुरक्षा चुनौतियों को उजागर करते हैं।",दहशतवादी हल्ले,"बेकायदेशीर क्रियाकलाप (प्रतिबंध) कायदा, 1967",गंभीर गुन्ह्यांसाठी जन्मठेपेची शिक्षा किंवा फाशीची शिक्षा.,"संपूर्ण भारतात, विशेषत: काश्मीर आणि शहरी भागात असंख्य दहशतवादी हल्ले, सुरक्षा आव्हानांवर प्रकाश टाकतात."
environmental crimes,"Environmental Protection Act, 1986",Fines and imprisonment.,"Illegal activities that harm the environment, such as pollution and illegal dumping of hazardous waste.",पर्यावरण अपराध,"पर्यावरण संरक्षण अधिनियम, 1986",जुर्माना और कारावास।,"अवैध गतिविधियाँ जो पर्यावरण को नुकसान पहुँचाती हैं, जैसे प्रदूषण और खतरनाक कचरे का अवैध डंपिंग।",पर्यावरणीय गुन्हे,"पर्यावरण संरक्षण कायदा, 1986",दंड आणि तुरुंगवास.,प्रदूषण आणि घातक कचऱ्याचे बेकायदेशीर डंपिंग यासारख्या पर्यावरणाला हानी पोहोचवणाऱ्या बेकायदेशीर क्रियाकलाप.
honey trapping cases,IPC Sections related to extortion and conspiracy.,Varies based on the specific charges; can include imprisonment.,Cases where individuals are lured into compromising situations for the purpose of extortion.,हनी ट्रैपिंग मामले,आईपीसी जबरन वसूली और साजिश से संबंधित धाराएं।,विशिष्ट आरोपों के आधार पर भिन्न होता है; कारावास शामिल हो सकता है।,ऐसे मामले जहां व्यक्तियों को जबरन वसूली के उद्देश्य से समझौता करने की स्थिति में फंसाया जाता है।,मध सापळा प्रकरणे,खंडणी व कट रचण्याशी संबंधित आयपीसी विभाग.,विशिष्ट आरोपांवर आधारित भिन्नता; तुरुंगवासाचा समावेश असू शकतो.,ज्या प्रकरणांमध्ये व्यक्तींना खंडणीच्या उद्देशाने तडजोड करण्याच्या परिस्थितीत आकर्षित केले जाते.
graft in education system,"Prevention of Corruption Act, 1988",Imprisonment and fines.,"Corruption in educational institutions, including bribery for admissions and grading.",शिक्षा प्रणाली में भ्रष्टाचार,"भ्रष्टाचार निवारण अधिनियम, 1988",कारावास और जुर्माना।,"शैक्षणिक संस्थानों में भ्रष्टाचार, जिसमें प्रवेश और ग्रेडिंग के लिए रिश्वतखोरी भी शामिल है।",शिक्षण व्यवस्थेत भ्रष्टाचार,"भ्रष्टाचार प्रतिबंधक कायदा, 1988",तुरुंगवास आणि दंड.,प्रवेश आणि ग्रेडिंगसाठी लाच घेण्यासह शैक्षणिक संस्थांमध्ये भ्रष्टाचार.
dowry deaths,"Dowry Prohibition Act, 1961 and IPC Section 304B",Life imprisonment for the husband and in-laws if proven guilty.,"Cases of murder or suicide of women due to dowry-related harassment, highlighting social issues in marriage.",दहेज हत्याएँ,"दहेज निषेध अधिनियम, १९६१ और आईपीसी धारा ३०४ बी",दोषी साबित होने पर पति और ससुराल वालों को उम्रकैद।,"दहेज संबंधी उत्पीड़न के कारण महिलाओं की हत्या या आत्महत्या के मामले, विवाह में सामाजिक मुद्दों को उजागर करना।",हुंडा मृत्यू,"हुंडा प्रतिबंध कायदा, 1961 आणि IPC कलम 304B",दोषी सिद्ध झाल्यास पती आणि सासरच्यांना जन्मठेपेची शिक्षा.,"हुंडा-संबंधित छळामुळे महिलांची हत्या किंवा आत्महत्येची प्रकरणे, विवाहातील सामाजिक समस्यांवर प्रकाश टाकतात."
matchfixing in cricket,IPC Sections related to cheating and conspiracy.,Imprisonment and bans from sports.,Several high-profile cases of match-fixing in cricket that have damaged the integrity of the sport.,क्रिकेट में मैचफिक्सिंग,आईपीसी धोखाधड़ी और साजिश से संबंधित धाराएं।,कारावास और खेल पर प्रतिबंध।,क्रिकेट में मैच फिक्सिंग के कई हाई-प्रोफाइल मामले जिन्होंने खेल की अखंडता को नुकसान पहुंचाया है।,क्रिकेटमध्ये मॅचफिक्सिंग,फसवणूक आणि कट रचण्याशी संबंधित आयपीसी विभाग.,तुरुंगवास आणि खेळांवर बंदी.,क्रिकेटमध्ये मॅच फिक्सिंगची अनेक हाय-प्रोफाइल प्रकरणे ज्यामुळे खेळाच्या अखंडतेला हानी पोहोचली आहे.
pharmaceutical fraud,"Drugs and Cosmetics Act, 1940",Imprisonment and fines.,"Fraudulent practices in the pharmaceutical industry, including counterfeit drugs and unethical clinical trials.",फार्मास्युटिकल धोखाधड़ी,"औषधि एवं सौंदर्य प्रसाधन अधिनियम, 1940",कारावास और जुर्माना।,नकली दवाओं और अनैतिक नैदानिक परीक्षणों सहित फार्मास्युटिकल उद्योग में धोखाधड़ी की प्रथाएं।,फार्मास्युटिकल फसवणूक,"औषधे आणि सौंदर्यप्रसाधने कायदा, 1940",तुरुंगवास आणि दंड.,बनावट औषधे आणि अनैतिक क्लिनिकल चाचण्यांसह फार्मास्युटिकल उद्योगातील फसव्या पद्धती.
rioting due to political unrest,IPC Sections related to rioting and unlawful assembly.,Varies; can include imprisonment.,"Riots triggered by political protests or unrest, often leading to violence and casualties.",राजनीतिक अशांति के कारण दंगे,आईपीसी दंगे और गैरकानूनी सभा से संबंधित धाराएं।,भिन्न होता है; कारावास शामिल हो सकता है।,"राजनीतिक विरोध या अशांति के कारण दंगे भड़क उठते हैं, जिससे अक्सर हिंसा होती है और लोग हताहत होते हैं।",राजकीय अशांततेमुळे दंगल,दंगल आणि बेकायदेशीर असेंब्लीशी संबंधित IPC विभाग.,भिन्न; तुरुंगवासाचा समावेश असू शकतो.,"राजकीय निषेध किंवा अशांततेमुळे सुरू झालेल्या दंगली, अनेकदा हिंसाचार आणि जीवितहानी होते."
